Zeit[sec];X_Act[mm];Y_Act[mm];Z_Act[mm];A_Act[°];B_Act[°];C_Act[°];AxisPos_Act1[°];AxisPos_Act2[°];AxisPos_Act3[°];AxisPos_Act4[°];AxisPos_Act5[°];AxisPos_Act6[°];GearTorq_Act2[Nm];GearTorq_Act3[Nm];GearTorq_CmdIpo2[Nm];GearTorq_CmdIpo3[Nm];DriveMotorTorq_Cmd2[Nm];DriveMotorTorq_Cmd3[Nm];DriveMotorTorq_Act2[Nm];DriveMotorTorq_Act3[Nm];CartVel_Act[m/s]
0.0;383.2027613277623;-26.937999910374895;577.6550801019363;-0.030015265177255578;0.5030936307504043;-0.019261271816267755;4.4185550683400743e-10;-1.9198621762318302;1.9198621777804274;-8.726646259971648e-10;-1.1158410120775033e-09;1.3688856878386898e-09;-2.8548482381932456;-11.030849867876169;-3.0504760555271067;-11.281314106951722;-0.03146878569436999;-0.12359495650281432;-0.03146878569436999;-0.12359495650281421;1.3868652638801915
0.012;383.2027613277623;-26.937999910374895;577.6550801019363;-0.030015265177255578;0.5030936307504043;-0.019261271816267755;4.4185550683400743e-10;-1.9198621762318302;1.9198621777804274;-8.726646259971648e-10;-1.1158410120775033e-09;1.3688856878386898e-09;-2.8548482381932456;-11.030849867876169;-3.0504760555271067;-11.281314106951722;-0.03146878569436999;-0.12359495650281412;-0.03146878569436999;-0.12359495650281421;0.0
0.024;383.2027613277623;-26.937999910374895;577.6550801019363;-0.030015265177255578;0.5030936307504043;-0.019261271816267755;4.4185550683400743e-10;-1.9198621762318302;1.9198621777804274;-8.726646259971648e-10;-1.1158410120775033e-09;1.3688856878386898e-09;-2.8548482381932456;-11.030849867876169;-3.0504760555271067;-11.281314106951722;-0.03146878569436999;-0.12359495650281432;-0.03146878569436999;-0.12359495650281421;0.0
0.036000000000000004;383.2027613277623;-26.937999910374895;577.6550801019363;-0.030015265177255578;0.5030936307504043;-0.019261271816267755;4.4185550683400743e-10;-1.9198621762318302;1.9198621777804274;-8.726646259971648e-10;-1.1158410120775033e-09;1.3688856878386898e-09;-2.8548482381932456;-11.030849867876169;-3.512251308352103;-11.868054507529806;-0.03146878569436999;-0.12359495650281412;-0.03146878569436999;-0.12359495650281421;0.0
0.048;383.2027613277623;-26.937999910374895;577.6550801019363;-0.030015265177255578;0.5030936307504043;-0.019261271816267755;4.4185550683400743e-10;-1.9198621762318302;1.9198621777804274;-8.726646259971648e-10;-1.1158410120775033e-09;1.3688856878386898e-09;-2.8548482381932456;-11.030849867876169;-4.834763657802219;-13.541111149132023;-0.03293335526877532;-0.12631080585090385;-0.03146878569436999;-0.12359495650281421;0.0
0.06;383.2027331471464;-26.93799991037464;577.6554957243932;-0.03001526382928299;0.5030935491696211;-0.019261269020447943;4.4185550683400743e-10;-1.9198621762318302;1.9198606395440245;-8.726646259971648e-10;1.4555030161538953e-06;1.3688856878386898e-09;-2.8566900257751913;-10.477867157080638;-6.186652620123258;-15.210536303397534;-0.046176809026052576;-0.18204286235654377;-0.03148908758570537;-0.12363033392091176;0.03471472737972001
0.072;383.19303597101583;-26.937999910356634;577.7176978370355;-0.03001364669042747;0.5029956640680303;-0.019257914623304593;4.4185550683400743e-10;-1.919899823360873;1.9197185355207702;-8.726646259971648e-10;8.327744641336824e-05;1.3688856878386898e-09;8.159037206110153;-5.6280725912583005;-6.923009681084558;-16.03734094470202;-0.06081214897036613;-0.24220611636226075;-0.03199733091965581;-0.12525739930487934;5.2461215655399
0.08399999999999999;383.1657869097202;-26.937999910237384;577.9535247118182;-0.030010890394024565;0.5028287615319941;-0.01925219592054139;4.4185550683400743e-10;-1.9199664538830457;1.9189787022819333;-8.726646259971648e-10;0.0007227634755847588;1.3688856878386898e-09;7.9432277849955595;-4.932692145713449;-6.640760917235225;-15.548448165470235;-0.07401672028812409;-0.28964022222566077;-0.03384672857833659;-0.1328052700082528;19.78299375437092
0.09599999999999999;383.1095909292845;-26.937999909868758;578.5676606626963;-0.03000772198855164;0.5026368040449004;-0.019245620040345628;4.4185550683400743e-10;-1.9200326428784729;1.9168017340392987;-8.726646259971648e-10;0.0027738767596423475;1.3688856878386898e-09;7.478405683545479;-3.5121764113491176;-5.4009403018249635;-13.906147639359258;-0.0770725529235127;-0.3215820392256848;-0.03704648335802536;-0.1454216628028164;51.39180569722907
0.10799999999999998;383.01001081894856;-26.937999909103848;579.7546713362218;-0.030005098213980633;0.5024777616414992;-0.019240172782600942;4.4185550683400743e-10;-1.9200695556686977;1.9123762327969345;-8.726646259971648e-10;0.00707717676229288;1.3688856878386898e-09;6.919954376697518;-2.4216036109738353;-4.054611152503853;-12.210787615107252;-0.06784665212327601;-0.3190942173561496;-0.04118036695150239;-0.16209473045491193;99.2650251980721
0.11999999999999998;382.85457684475074;-26.937999907866296;581.5934835125572;-0.03000425482764915;0.5024266236450939;-0.019238421490867463;4.4185550683400743e-10;-1.9200525506364465;1.9053239785681726;-8.726646259971648e-10;0.014061264934489599;1.3688856878386898e-09;-4.6126495386484905;-2.6540816892373518;-3.041535544190985;-10.988053751464173;-0.05137176825406685;-0.2832070190437105;-0.045201871998273434;-0.1807079269822722;153.78082078103193
0.13199999999999998;382.6345094745376;-26.937999906199607;584.0033168470578;-0.03000547728509894;0.502500744826116;-0.01924095990605636;4.4185550683400743e-10;-1.9199889236504604;1.8959430516870825;-8.726646259971648e-10;0.02345271938849247;1.3688856878386898e-09;-15.86208755666745;-4.682570383172936;-2.97618137023925;-10.91393323456869;-0.03744654251607096;-0.2366121986457695;-0.04808715162471258;-0.19798618006783408;201.65506588022706
0.144;382.34868024005704;-26.93799990424658;586.7852787314991;-0.03000782469060422;0.5026430295824974;-0.019245833287158162;4.4185550683400743e-10;-1.9199171964282722;1.8850615857549056;-8.726646259971648e-10;0.034404806935443136;1.3688856878386898e-09;-15.790319175802269;-7.953042966126379;-2.952808627783082;-10.89016836654708;-0.030579641364426566;-0.20094613709415035;-0.04949495567668397;-0.2114721979139048;233.05057483126376
0.156;382.00721570983313;-26.937999902170546;589.7203017059537;-0.03001020791698157;0.5027874251616327;-0.019250779745831136;4.4185550683400743e-10;-1.9198687094809561;1.8735892774710414;-8.726646259971648e-10;0.04597308889261549;1.3688856878386898e-09;-15.643397903725965;-11.206419137304609;-2.9281256219854828;-10.865123513038476;-0.03255907978424832;-0.19021928562891977;-0.0497957502267447;-0.22087650619523366;246.23495067087907
0.168;381.62439686320903;-26.937999900081593;592.6690025563796;-0.03001180152534759;0.5028839453984942;-0.019254086610834744;4.4185550683400743e-10;-1.919851121902742;1.8621037543558574;-8.726646259971648e-10;0.057537588148756896;1.3688856878386898e-09;-4.5916059954168515;-13.386893304603893;-2.902135484518634;-10.838801851624583;-0.03285931147225185;-0.19111624309417036;-0.04978368832010566;-0.22771821121043542;247.78724662455792
0.18000000000000002;381.20341188858583;-26.937999898003653;595.5983893107377;-0.030012503488277335;0.5029264529527989;-0.01925554306749814;4.4185550683400743e-10;-1.919870748776599;1.850739896822833;-8.726646259971648e-10;0.06896359926104836;1.3688856878386898e-09;-4.114393077012988;-14.307080582043715;-2.8748415129002933;-10.811206721885696;-0.03238923827069518;-0.1912348456558464;-0.04990164855732917;-0.23399731421510053;246.62351752669963
0.19200000000000003;380.75637580437683;-26.937999895931622;598.5033922355634;-0.030013271748647742;0.5029729690602951;-0.0192571369492816;4.4185550683400743e-10;-1.9198727959600834;1.83943713891582;-8.726646259971648e-10;0.08031494141716643;1.3688856878386898e-09;-4.388718872348821;-14.668077906782319;-2.8462471700731373;-10.782341624974263;-0.03211005835673898;-0.1908525353638916;-0.049932666825808464;-0.24015452937446358;244.93314143929592
0.20400000000000004;380.2782542287316;-26.937999893857207;601.4001081916938;-0.03001380953337157;0.5030055268937246;-0.01925825259752838;4.4185550683400743e-10;-1.9198732673067176;1.8281557274122229;-8.726646259971648e-10;0.09162939677061185;1.3688856878386898e-09;-4.239954320707774;-14.818644656350674;-2.8163560839623547;-10.752210223167348;-0.031827899692883514;-0.1905611853113925;-0.049108590551598524;-0.24320212883791123;244.6591083890073
0.21600000000000005;379.76828651263736;-26.937999891777782;604.2910585348113;-0.030014149235111587;0.5030260912651934;-0.019258957290965;4.4185550683400743e-10;-1.91987358724527;1.8168839812193576;-8.726646259971648e-10;0.10292203653959833;1.3688856878386898e-09;-4.038015507388615;-14.519363594385142;-2.7851720470213217;-10.720816339408682;-0.03151648920099645;-0.19025993642648018;-0.0468457344882648;-0.24004153095050293;244.63210484791767
0.22800000000000006;379.226239112464;-26.93799988969192;607.1764317328941;-0.030014359127830594;0.5030387970391847;-0.01925939269696301;4.4185550683400743e-10;-1.919873734036079;1.8056166674783496;-8.726646259971648e-10;0.11420220857062048;1.3688856878386898e-09;-3.7302547143762665;-13.843198700399379;-2.7526990157443625;-10.688163956816876;-0.031192849434993897;-0.18993611833378782;-0.043273050546929114;-0.23223196015249073;244.65386158599463
0.24000000000000007;378.6519719708809;-26.937999887598885;610.0559908676047;-0.030014486005443392;0.5030464775130199;-0.01925965589774231;4.4185550683400743e-10;-1.919873792521539;1.7943512310662848;-8.726646259971648e-10;0.12547538740285175;1.3688856878386898e-09;-3.3651383891499655;-12.869130033898166;-2.718941110170944;-10.654257218186874;-0.0308555317081226;-0.18959928063960688;-0.039041136853390494;-0.22082467793280772;244.68862597743723
0.25200000000000006;378.0454389945954;-26.937999885498392;612.9292866346811;-0.03001456127212703;0.5030510338831492;-0.01925981204089582;4.4185550683400743e-10;-1.9198738209947233;1.7830866175500732;-8.726646259971648e-10;0.13674458781553853;1.3688856878386898e-09;-3.0396882216109806;-11.821104069328026;-2.6839026133604826;-10.619100425461458;-0.0305037428225432;-0.18924861103126586;-0.03526813041914839;-0.20849745036737555;244.71795935010002
0.26400000000000007;377.4066539972098;-26.93799988339039;615.7958354964665;-0.030014605471327543;0.5030537097343003;-0.019259903741266928;4.4185550683400743e-10;-1.91987383446177;1.7718223699174507;-8.726646259971648e-10;0.14801152597215744;1.3688856878386898e-09;-2.8282389776152694;-10.971118503983323;-2.647587970842045;-10.58269803917833;-0.030137776527959344;-0.18888370748534897;-0.032815475909493914;-0.19848701801941493;244.73835944316252
0.2760000000000001;376.73566224861565;-26.937999881274976;618.6551807238643;-0.03001463124921593;0.5030552705578608;-0.019259957230992827;4.4185550683400743e-10;-1.9198738402333615;1.7605582820533439;-8.726646259971648e-10;0.15927718113478065;1.3688856878386898e-09;-2.735287734262282;-10.469392717299085;-2.6100017900653536;-10.545054677920001;-0.02975768776726333;-0.18850475005348152;-0.031737347785112245;-0.19257609662482647;244.7516443334063
0.2880000000000001;376.03252890405975;-26.93799987915231;621.5068944062709;-0.030014646227914114;0.5030561777193432;-0.019259988320479298;4.4185550683400743e-10;-1.9198738417724526;1.7492942641979616;-8.726646259971648e-10;0.1705421080995594;1.3688856878386898e-09;-2.7153695998435183;-10.282478969364044;-2.571148839800467;-10.5061751177112;-0.029363507101551174;-0.18811179065593564;-0.03150642046270962;-0.19037444261825576;244.75990611946318
0.3000000000000001;375.29733188387456;-26.937999877022612;624.3505726608109;-0.030014654915987267;0.503056704116951;-0.01926000636165427;4.4185550683400743e-10;-1.9198738411952936;1.73803027704473;-8.726646259971648e-10;0.18180662131049086;1.3688856878386898e-09;-2.9891585647680876;-10.24747547173313;-2.5310340495435555;-10.466064291424301;-0.028955287229665717;-0.1877048699903698;-0.03130169292913241;-0.18996284937307273;244.76491731657916
0.3120000000000001;374.53015847435904;-26.93799987488612;627.1858278852153;-0.030014659991763483;0.5030570118652388;-0.01926001691002848;4.4185550683400743e-10;-1.9198738383094975;1.7267663033848002;-8.726646259971648e-10;0.19307089997164156;1.3688856878386898e-09;-2.9566682970477576;-10.225628782746726;-2.48966250888362;-10.424727288145345;-0.028533080595084;-0.18728404109841384;-0.030961444672697527;-0.18970573021800055;244.76784746240014
0.3240000000000001;373.7311024620833;-26.937999872743077;630.012284497345;-0.030014662992923047;0.5030571940368226;-0.01926002315511749;4.4185550683400743e-10;-1.9198738336922245;1.7155023355915235;-8.726646259971648e-10;0.20433504540137545;1.3688856878386898e-09;-2.9233181759696287;-10.196270876010294;-2.447039466868089;-10.382169352539846;-0.028096940473187487;-0.18684935769590685;-0.030612237401481317;-0.1893597190750166;244.76955348378976
0.33600000000000013;372.90026332411435;-26.93799987059376;632.8295743093881;-0.030014664815394634;0.503057304860226;-0.01926002695528646;4.4185550683400743e-10;-1.9198738273434741;1.7042383703404629;-8.726646259971648e-10;0.2155991151770887;1.3688856878386898e-09;-2.889205093906763;-10.165753995401268;-2.4031703313201036;-10.338395884170497;-0.027646922210571134;-0.18640087478571393;-0.030255007881162494;-0.1889999024873956;244.77051906153272
0.34800000000000014;372.0377454074304;-26.937999868438425;635.6373341852077;-0.030014665978324858;0.5030573757581306;-0.019260029387364392;4.4185550683400743e-10;-1.9198738192632459;1.6929744062627328;-8.726646259971648e-10;0.2268631421045071;1.3688856878386898e-09;-2.8536068628151074;-10.134305956076833;-2.3580606681684837;-10.293412436828314;-0.02718308292123665;-0.18593864927637258;-0.029882226205202977;-0.18862904149839319;244.77104561198112
0.36000000000000015;371.1436573912304;-26.93799986627734;638.4352048400445;-0.030014666764697082;0.5030574238587856;-0.019260031038322113;4.4185550683400743e-10;-1.9198738100286996;1.681710442771668;-8.726646259971648e-10;0.2381271444834232;1.3688856878386898e-09;-2.816646863994172;-10.101600372899158;-2.311716200734254;-10.247224717820549;-0.026705481450563933;-0.1854627398206459;-0.029495218680756236;-0.1882433239935787;244.77134216226105
0.37200000000000016;370.2181125394719;-26.93799986411079;641.2228292082746;-0.03001466735448338;0.5030574600554061;-0.01926003228146097;4.4185550683400743e-10;-1.9198737990626757;1.6704464794761589;-8.726646259971648e-10;0.2493911330259108;1.3688856878386898e-09;-2.7783621048831293;-10.067704679664386;-2.2641428090015983;-10.199838587243853;-0.02621417839485519;-0.18497320679816215;-0.029094271582724738;-0.1878435642279239;244.77147421654615
0.3840000000000002;369.26122796297176;-26.93799986193904;643.9998527190727;-0.03001466783806281;0.5030574898183525;-0.0192600333042455;4.4185550683400743e-10;-1.9198737867499474;1.6591825159850941;-8.726646259971648e-10;0.2606551139806795;1.3688856878386898e-09;-2.738733413360282;-10.032633615065524;-2.123165689193877;-10.068179940670808;-0.025709236088571;-0.18447011231888505;-0.028679306663883658;-0.18742994242855326;244.7715420420313
0.3960000000000002;368.27312506523424;-26.937999859762368;646.7659222441919;-0.03001466827298232;0.5030575166307392;-0.01926003422603889;4.4185550683400743e-10;-1.9198737728981279;1.6479185526895845;-8.726646259971648e-10;0.2719190902489159;1.3688856878386898e-09;-2.697775063359778;-9.996387888898342;-1.1479789561539189;-9.194762348377408;-0.02489191539328998;-0.18376460020175764;-0.028250384631676822;-0.1870024403398504;244.77154604293966
0.4080000000000002;367.25412921511474;-26.937999857581172;649.520268398117;-0.030014683869932397;0.5030584611567047;-0.01926006659728729;4.4185550683400743e-10;-1.9198732598036488;1.6366552626902784;-8.726646259971648e-10;0.28318281210540164;1.3688856878386898e-09;-2.657884775712796;-9.960687331659544;0.052255690589790404;-8.150397885712524;-0.020426599849152193;-0.1798584604948743;-0.0278030927792752;-0.18655846830538833;244.7330621801099
0.4200000000000002;366.2095645547789;-26.93799985539973;652.2528464429067;-0.030015020401827904;0.5030788304157505;-0.019260764647386585;4.4185550683400743e-10;-1.919860128086414;1.6254102351904887;-8.726646259971648e-10;0.29443508632577625;1.3688856878386898e-09;-2.672862123261221;-9.965448382736525;1.179198095814578;-7.196465050879154;-0.006971705388598558;-0.161264237043371;-0.02723862012834094;-0.1860149815686497;243.78522468714456
0.4320000000000002;365.1555593873799;-26.93799985324302;654.925641396894;-0.030016081634473547;0.5031430546572088;-0.019262965693958918;4.4185550683400743e-10;-1.9198228888164999;1.614312895789784;-8.726646259971648e-10;0.30555943963985344;1.3688856878386898e-09;-13.621397928102597;-10.230066756090192;1.4683524777413135;-6.99237642051111;0.006924659477133325;-0.13186745422004273;-0.025971284484923977;-0.1847059138095483;239.42581220867817
0.44400000000000023;364.1348082606529;-26.937999851188625;657.4312753243694;-0.030018386908973543;0.5032825244547702;-0.01926774603389051;4.4185550683400743e-10;-1.9197612580316072;1.6037846755026763;-8.726646259971648e-10;0.31616556179685046;1.3688856878386898e-09;-13.388810137298117;-11.174465090513689;1.5401921125128069;-6.970744132209206;0.016368280365537478;-0.10399224647753771;-0.02345211912711152;-0.1813018590077334;225.46455304628566
0.45600000000000024;363.1947207970236;-26.93799984933942;659.6706639152162;-0.030020594935715298;0.5034160575067764;-0.019272323579526175;4.4185550683400743e-10;-1.9197080181787387;1.5943306909968713;-8.726646259971648e-10;0.3256998996924499;1.3688856878386898e-09;-12.858250677175192;-12.178091617177852;1.5906790935108668;-6.955956808038602;0.016821798294493196;-0.09063409421287755;-0.019776127776579708;-0.17518603345783335;202.3923856292759
0.46800000000000025;362.3800057378459;-26.937999847780635;661.5543311443138;-0.030021990883287514;0.5035004523445273;-0.019275217003261916;4.4185550683400743e-10;-1.919690512557123;1.5863888613194348;-8.726646259971648e-10;0.3337086566319821;1.3688856878386898e-09;-1.2989114521132914;-12.863489045622982;1.5442838735811537;-7.01460686916125;0.016741509589602677;-0.08764422433723161;-0.015577370389776102;-0.1669312230920025;171.02555820214843
0.48000000000000026;361.72077521449495;-26.937999846546386;663.043707606508;-0.030022787624588126;0.5035486117092066;-0.019276868237901913;4.4185550683400743e-10;-1.9196926947958473;1.5801150861235835;-8.726646259971648e-10;0.34003279514351875;1.3688856878386898e-09;-0.8861753382488515;-12.713354151685886;0.6491130776939482;-7.8108509999391815;0.01718771218019599;-0.08586582217819005;-0.011403463092535806;-0.1578384104921919;135.72917998048166
0.49200000000000027;361.2288274207414;-26.93799984563593;664.1386124540676;-0.030023392512325955;0.503585169879292;-0.01927812176221472;4.4185550683400743e-10;-1.9196943183445199;1.5754909263235475;-8.726646259971648e-10;0.344695153145054;1.3688856878386898e-09;-0.627339515831436;-12.061412767609552;-0.4841495929451263;-8.811731238260371;0.013797138666726336;-0.08655444240804282;-0.00725192048378859;-0.14855397907340243;100.02878863177398
0.5040000000000002;360.9027578612606;-26.93799984504065;664.8557967994846;-0.03002360797575353;0.5035981911583314;-0.019278568254836384;4.4185550683400743e-10;-1.9197017467674782;1.5724696354508618;-8.726646259971648e-10;0.34773689959072845;1.3688856878386898e-09;-0.24415439414043763;-11.318927795976544;-1.5435044537908946;-9.74644701508522;0.001033704138591994;-0.1017040808609923;-0.0031822633090281987;-0.1391898251444292;65.65242718607689
0.5160000000000002;360.72220890263844;-26.937999844732293;665.2446439518351;-0.030022609023030698;0.503537817076371;-0.019276498119512916;4.4185550683400743e-10;-1.919743292221767;1.5709078508896601;-8.726646259971648e-10;0.34927982830384224;1.3688856878386898e-09;11.21461384491604;-10.337804088861414;-1.5435044537908946;-9.74644701508522;-0.01197053185188364;-0.12563049446961083;0.00018914922276769175;-0.13036226339243367;35.726588211661344
0.5280000000000002;360.6523048083456;-26.937999844637698;665.3905044512935;-0.030020719466469097;0.5034235880454174;-0.01927258175604559;4.4185550683400743e-10;-1.9198041455732926;1.5704241609985155;-8.726646259971648e-10;0.3497100910188943;1.3688856878386898e-09;11.340266044151413;-8.809112596157775;-1.5435044537908946;-9.74644701508522;-0.02135781772975699;-0.11086704696344506;0.00229028512238129;-0.12337090495058683;13.47885876679414
0.5400000000000003;360.64401262114853;-26.93799984465321;665.4073269178464;-0.030018706883352606;0.5033018798041365;-0.01926840950870177;4.4185550683400743e-10;-1.919857315782291;1.5704850922515874;-8.726646259971648e-10;0.3495805668722307;1.3688856878386898e-09;11.278908788349476;-17.807006047105162;-1.5435044537908946;-9.74644701508522;-0.02024885928575988;-0.10962143509941769;0.003197710700795347;-0.11755600357624825;1.5629293706015996
0.5520000000000003;360.6591997694505;-26.937999844692055;665.3810635271;-0.0300176856661163;0.5032401065333637;-0.019266292089870494;4.4185550683400743e-10;-1.9198716510687275;1.5706546653128293;-8.726646259971648e-10;0.3493635279844946;1.3688856878386898e-09;0.11001292881931118;-15.852403573662277;-1.5435044537908946;-9.74644701508522;-0.019363101649245287;-0.111836068320357;0.003311869150428638;-0.11086578413622773;2.5281953805513377
0.5640000000000003;360.6713145538717;-26.93799984471689;665.36926851337;-0.030016955887311174;0.5031959555058597;-0.019264778801654853;4.4185550683400743e-10;-1.919866336202555;1.570736747218664;-8.726646259971648e-10;0.34923196028660153;1.3688856878386898e-09;0.12174633000105457;-14.731662446404629;-1.2035944638636984;-9.446446361204856;-0.019530055856268557;-0.11148896761241987;0.002540260804926974;-0.10546797199352465;2.5281953805513377
0.5760000000000003;360.6768208096589;-26.937999844729873;665.3680230049653;-0.030016361334683314;0.5031599813487988;-0.01926354583226871;4.4185550683400743e-10;-1.9198640029405216;1.570769649950612;-8.726646259971648e-10;0.34916073392311864;1.3688856878386898e-09;0.05670292861214682;-14.577393875974229;-0.0717581631594908;-8.444922259272689;-0.01827935288199121;-0.109792374119207;0.0004955141074428765;-0.10263834298096454;0.47044706446340295
0.5880000000000003;360.679680342886;-26.937999844737334;665.368906732152;-0.030015948624811488;0.5031350075967238;-0.019262689916779083;4.4185550683400743e-10;-1.9198629788678137;1.570785501646877;-8.726646259971648e-10;0.34911887314755047;1.3688856878386898e-09;-0.24056672851156882;-9.575756327327362;1.0419283314128789;-7.449245210885328;-0.006780033258103714;-0.07307996152766609;-0.0025904778055404207;-0.1024633907635812;0.24941464613378891
0.6000000000000003;360.699722005696;-26.937999844756998;665.331375328132;-0.030016838590748062;0.5031888586214788;-0.019264535560863317;4.4185550683400743e-10;-1.9198298816766906;1.5708792486098782;-8.726646259971648e-10;0.34904590428674315;1.3688856878386898e-09;-11.714276443320498;-15.013070606572299;1.5610375253134807;-6.963697895032225;0.005799557539870174;-0.01899635324506085;-0.0055606380995087525;-0.10303840672050994;3.5456100638983514
0.6120000000000003;360.76576050895443;-26.93799984484556;665.1917097986837;-0.03001874524405963;0.5033041999828983;-0.019268489040572424;4.4185550683400743e-10;-1.9197720720701053;1.5713377564799094;-8.726646259971648e-10;0.34864498015625345;1.3688856878386898e-09;-11.852553261870131;-15.620171660005871;1.4901872392003994;-6.9882347445546245;0.0167216616231565;0.01020309712824687;-0.007357168968707881;-0.09963173764465531;12.87427010168161
0.6240000000000003;360.92336502812805;-26.937999845100606;664.8454802538354;-0.03002081936814642;0.5034296282462485;-0.019272788832322904;4.4185550683400743e-10;-1.919715888513215;1.5726581984765862;-8.726646259971648e-10;0.3473938394044339;1.3688856878386898e-09;-11.77471068278803;-16.57603535674183;1.3980351334373058;-7.01937236450158;0.019260852901593906;0.03008354762936313;-0.008038248273601938;-0.09239614961423324;31.70108652121137
0.6360000000000003;361.217886518783;-26.937999845618574;664.1827124389857;-0.03002249805443801;0.503531109583805;-0.019276268136729443;4.4185550683400743e-10;-1.9196857390662279;1.5753439101517797;-8.726646259971648e-10;0.3447795053695302;1.3688856878386898e-09;-11.612731613680875;-17.381366111413843;1.284846932559169;-7.056799913909298;0.016708182516122886;0.035819920815866005;-0.007796456228369587;-0.08268590972361659;60.43844870068814
0.6480000000000004;361.6743565024759;-26.937999846455146;663.1424462817135;-0.030023364467479528;0.5035834748341252;-0.019278063639236988;4.4185550683400743e-10;-1.919687963629956;1.5796699649778037;-8.726646259971648e-10;0.34050806396678374;1.3688856878386898e-09;-0.40968659443291716;-17.302062540248652;0.6191428168136199;-7.596640481438957;0.015568512275586182;0.03687457011559206;-0.006593347731889428;-0.07065872450559978;94.66749198375464
0.6600000000000004;362.2998669537792;-26.93799984762008;661.7038567217485;-0.03002392213682509;0.5036171755232441;-0.019279219224044613;4.4185550683400743e-10;-1.919696175835032;1.5856732555972766;-8.726646259971648e-10;0.33454670143638404;1.3688856878386898e-09;-0.3423636212746475;-16.275021613535817;-0.5786504207593559;-8.650955985855036;0.012659520354954108;0.03743797314835384;-0.004334312567984258;-0.05628474677734798;130.7245621088113
0.6720000000000004;363.08476038592903;-26.937999849105104;659.872254014523;-0.030024265574303495;0.5036379280911215;-0.01927993084242882;4.4185550683400743e-10;-1.919704073680761;1.5933101962987872;-8.726646259971648e-10;0.326938420505591;1.3688856878386898e-09;-0.10328615420244978;-14.975456202624967;-1.735017311019484;-9.706898234777695;0.0020417252540898476;0.027975660515281643;-0.0012024811133341886;-0.04170029149339599;166.0577649643996
0.6840000000000004;364.00393177006663;-26.937999850890844;657.6777708593772;-0.030023706360351742;0.503604135485947;-0.019278772074533507;4.4185550683400743e-10;-1.9197353455098973;1.6024882341787645;-8.726646259971648e-10;0.31775784661277867;1.3688856878386898e-09;11.29171655457563;-13.61692119490321;-2.3295803807703295;-10.26502664793962;-0.012890691188095724;0.003926636667095528;0.0016334258031574296;-0.028213093559221608;198.26736040753335
0.6960000000000004;365.0180541575349;-26.937999852920978;655.1895025710185;-0.030022013275788736;0.5035018048726035;-0.01927526336769562;4.4185550683400743e-10;-1.9197945043221754;1.6129189819826946;-8.726646259971648e-10;0.30728388087139263;1.3688856878386898e-09;11.471212788674578;-11.728234658994845;-2.3754771086006765;-10.31077694748124;-0.02400160432399947;-0.024328990790057747;0.0031803246926612114;-0.01587243453066504;223.91595593020944
0.7080000000000004;366.07807756789475;-26.937999855097562;652.5143743377403;-0.030019890907573527;0.5033734851118665;-0.019270864106217603;4.4185550683400743e-10;-1.9198531538877022;1.6240961964499494;-8.726646259971648e-10;0.29603693836254197;1.3688856878386898e-09;11.340047061480407;-9.333405811110019;-2.4201125029723953;-10.355297819915169;-0.02720633054264539;-0.04249926046688519;0.0034164718714423917;-0.005944483452562088;239.7910049375255
0.7200000000000004;367.14206698319936;-26.937999857322254;649.7555142909987;-0.030018405978587594;0.5032836766094393;-0.019267785517811494;4.4185550683400743e-10;-1.9198729162015715;1.6355135095557494;-8.726646259971648e-10;0.28454953858746646;1.3688856878386898e-09;0.06260064517057057;-7.1089215438521824;-2.4635052201927734;-10.398606568933483;-0.026019282105183554;-0.04674406551564696;0.002803329092867096;0.0014913689023298559;246.41008729501598
0.7320000000000004;368.1740571868127;-26.937999859534717;646.9861778672646;-0.03001737069756;0.5032210487374469;-0.019265638846579905;4.4185550683400743e-10;-1.9198818263844395;1.6468964921818285;-8.726646259971648e-10;0.27311281004542215;1.3688856878386898e-09;0.07252950776489646;-5.873345356699576;-2.5056497547789047;-10.44069769970684;-0.02635706821111084;-0.0464561411652111;0.0013494970686588276;0.005621478301006871;246.28105918527353
0.7440000000000004;369.1722859662086;-26.937999861728965;644.21483769243;-0.0300167840943124;0.50318555770341;-0.019264422398722725;4.4185550683400743e-10;-1.9198762560291525;1.6582101747744062;-8.726646259971648e-10;0.2617580500682841;1.3688856878386898e-09;-0.20078732985076073;-5.862065710708014;-2.5465407596126126;-10.481565871892638;-0.02696649578767526;-0.04684418481047035;-0.001267057507054672;0.00450541524990315;245.46988542700927
0.7560000000000004;370.1349573041344;-26.93799986391019;641.4391346653508;-0.030016309979148663;0.5031568697093372;-0.019263439157966473;4.4185550683400743e-10;-1.9198746886573033;1.669493869970441;-8.726646259971648e-10;0.25044408657755685;1.3688856878386898e-09;-0.45664109336398945;-6.394043276722794;-2.586173046620773;-10.521205900314662;-0.02742567877224256;-0.047382338041077506;-0.005004226760075742;8.87692053357457e-05;244.8250969988096
0.7680000000000005;371.0646710535808;-26.937999866082293;638.6537976611015;-0.03001599001056514;0.5031375073699657;-0.019262775557702696;4.4185550683400743e-10;-1.9198741746008923;1.6807668207827116;-8.726646259971648e-10;0.2391512506437204;1.3688856878386898e-09;-0.8829014419559413;-7.077062676163131;-2.6245415874309317;-10.559612755618371;-0.02787708152213122;-0.0478493932974368;-0.009303785291655304;-0.006566390393676991;244.70035152501708
0.7800000000000005;371.9621878841047;-26.937999868246695;635.8580527173501;-0.030015790175795136;0.5031254139712541;-0.019262361090173586;4.4185550683400743e-10;-1.9198738862137066;1.6920347528689401;-8.726646259971648e-10;0.22787093132168468;1.3688856878386898e-09;-1.2914586027504573;-7.815695446802067;-2.6616415140066754;-10.59678156490612;-0.028321721371547495;-0.048305636378702665;-0.013535855346449507;-0.014248003426294542;244.689799396024
0.7920000000000005;372.827745450877;-26.937999870404102;633.0520724564075;-0.030015667411714797;0.5031179842479925;-0.01926210645897912;4.4185550683400743e-10;-1.9198737709742641;1.7033004266848943;-8.726646259971648e-10;0.21659770919482216;1.3688856878386898e-09;-1.684929011537435;-8.56843664138078;-2.6974681192674423;-10.632707612357638;-0.028750774349141296;-0.04875152540463787;-0.017653695684271765;-0.02217309612752542;244.70383142310618
0.8040000000000005;373.6614342733138;-26.9379998725548;630.2362048741438;-0.030015593568477713;0.5031135149454706;-0.01926195328735364;4.4185550683400743e-10;-1.9198737298035784;1.7145651438453078;-8.726646259971648e-10;0.20532847954710087;1.3688856878386898e-09;-2.064447535390834;-9.327559017896716;-2.7320168576916797;-10.667386339834863;-0.02916572563964089;-0.04918281679548142;-0.02162252397704457;-0.030212092392382317;244.72415230059502
0.8160000000000005;374.4632453455833;-26.93799987469883;627.4108868563133;-0.030015549843619097;0.503110868291848;-0.019261862580945307;4.4185550683400743e-10;-1.9198737157593726;1.7258294384111539;-8.726646259971648e-10;0.19406152309068936;1.3688856878386898e-09;-2.375878489530675;-10.038578618677764;-2.7652833458825037;-10.70081334744835;-0.029566792157845478;-0.04960016539349816;-0.024881177149687655;-0.03776346346640993;244.74083156620745
0.8280000000000005;375.23312440389606;-26.93799987683609;624.5765565863929;-0.030015524164966594;0.5031093137418364;-0.019261809302562417;4.4185550683400743e-10;-1.9198737136431225;1.737093546026326;-8.726646259971648e-10;0.18279585810866522;1.3688856878386898e-09;-2.567285022136993;-10.58336810921288;-2.797263363129518;-10.73298439412145;-0.029953779696357895;-0.05000365563430725;-0.02688471667181172;-0.04355488491331938;244.75244995726942
0.8400000000000005;375.97099876198445;-26.937999878966405;621.7336319691457;-0.030015509166939618;0.503108405556442;-0.01926177817603135;4.4185550683400743e-10;-1.9198737155669863;1.748357571899467;-8.726646259971648e-10;0.17153092556468144;1.3688856878386898e-09;-2.390602918194682;-10.890107213809111;-2.8279528519495734;-10.763895398134435;-0.030326648123103934;-0.05039316708141722;-0.02773859564974541;-0.04681656275826354;244.76006955938178
0.8520000000000005;376.6767876409756;-26.937999881089567;618.8825133228223;-0.03001550042675623;0.5031078760802387;-0.019261760028436683;4.4185550683400743e-10;-1.919873718837555;1.7596215617904698;-8.726646259971648e-10;0.16026640922939514;1.3688856878386898e-09;-2.4201963337078642;-11.006274921679864;-2.8573479185907913;-10.79354243763036;-0.030685357371260984;-0.05076865422425665;-0.02808182165315547;-0.0480516330164214;244.76484359627847
0.8640000000000005;377.3504084869898;-26.93799988320533;616.0235876262793;-0.030015495320564117;0.5031075665229748;-0.019261749417839535;4.4185550683400743e-10;-1.919873721915737;1.7708855358415099;-8.726646259971648e-10;0.1490021285597306;1.3688856878386898e-09;-2.452801782697712;-11.04783860418418;-2.8854448335321163;-10.821921751118643;-0.03102986007938917;-0.051130073095316905;-0.028460057647227116;-0.04849340986499431;244.76776170594087
0.8760000000000006;377.9917796103413;-26.93799988531345;613.1572327726014;-0.030015492335768217;0.5031073853450037;-0.019261743207068895;4.4185550683400743e-10;-1.919873724031987;1.7821495032436765;-8.726646259971648e-10;0.1377379820141557;1.3688856878386898e-09;-2.4900582799982804;-11.085998787580374;-2.9122400319615607;-10.849029737958316;-0.03136011242194841;-0.051477376928267336;-0.028892301591883884;-0.048899304927898735;244.76954744162717
0.8880000000000006;378.60082164151817;-26.93799988741366;610.2838219083294;-0.030015490579023786;0.5031072784825017;-0.019261739543296384;4.4185550683400743e-10;-1.919873724993919;1.7934134675169615;-8.726646259971648e-10;0.12647391179210604;1.3688856878386898e-09;-2.52535245930934;-11.126156561422373;-2.9377301142180943;-10.874862958802876;-0.031676072633831855;-0.051810521591181685;-0.02930180875652291;-0.0493266436552515;244.77061314671624
0.9000000000000006;379.1774584067221;-26.93799988950571;607.403725292789;-0.03001548952696434;0.5031072142621212;-0.019261737341041363;4.4185550683400743e-10;-1.9198737248015327;1.804677430225806;-8.726646259971648e-10;0.11520988464151945;1.3688856878386898e-09;-2.8356948945128115;-11.164757916829672;-2.961911846228285;-10.899418136042577;-0.03197770060991179;-0.0521294648859835;-0.029694710501423704;-0.04973747734044315;244.7712413300776
0.9120000000000006;379.7216174469947;-26.937999891589335;604.5173114114275;-0.030015488892930927;0.5031071753357121;-0.01926173600576383;4.4185550683400743e-10;-1.9198737230700553;1.81594139215243;-8.726646259971648e-10;0.10394588203943511;1.3688856878386898e-09;-2.8719632636183774;-11.201948374434018;-2.984782159921592;-10.92269215422642;-0.03226495807579926;-0.05243416633834416;-0.030074478876274447;-0.05013331760819031;244.77163401208597
0.9240000000000006;380.23323001500404;-26.937999893664273;601.6249482553319;-0.030015488509739698;0.5031071515855938;-0.01926173519071996;4.4185550683400743e-10;-1.919873719991873;1.8272053540790534;-8.726646259971648e-10;0.09268189327377933;1.3688856878386898e-09;-2.906877181983001;-11.237867077512895;-3.0063381536094673;-10.944682060445269;-0.0325378085878818;-0.05272458728566669;-0.030440096960088824;-0.05051561995074385;244.77188780375207
0.9360000000000006;380.7122314277496;-26.937999895730258;598.7270038815379;-0.030015488281046963;0.5031071371812388;-0.019261734696091416;4.4185550683400743e-10;-1.9198737153746;1.8384693160056773;-8.726646259971648e-10;0.08141791231901063;1.3688856878386898e-09;-2.9404342091532922;-11.27246391803874;-3.0265770923592963;-10.965385064713281;-0.03279621752805485;-0.05300069088205035;-0.03079148365172746;-0.050883877632371045;244.77205661920198
0.9480000000000006;381.1585610418404;-26.93799989778703;595.8238467615145;-0.03001548814873651;0.5031071286055984;-0.01926173440134523;4.4185550683400743e-10;-1.9198737090258495;1.849733277345636;-8.726646259971648e-10;0.07015393605077418;1.3688856878386898e-09;-2.9726344272511978;-11.305733198409081;-3.3089946113595112;-11.318304252906419;-0.033040152110718944;-0.05326244209662289;-0.03112866160341402;-0.051238024392068544;244.77216217289785
0.9600000000000006;381.5721621495865;-26.937999899834328;592.9158455189497;-0.030015488079334754;0.5031071238329643;-0.01926173423705832;4.4185550683400743e-10;-1.9198737015227805;1.8609972388811495;-8.726646259971648e-10;0.05888996223738796;1.3688856878386898e-09;-3.003468447961881;-11.337679920632057;-4.535367691074846;-12.896549010090178;-0.03419607359476081;-0.054263320907089546;-0.03145157821635233;-0.051578047686728766;244.77224324500878
0.9720000000000006;381.95256995988393;-26.937999901871546;590.0049480480519;-0.030015434681051598;0.5031038916429171;-0.019261623466017605;4.4185550683400743e-10;-1.9198752388823543;1.8722585134896133;-8.726646259971648e-10;0.047626991341903395;1.3688856878386898e-09;-2.730513147835268;-11.360691886013115;-5.8000810791594155;-14.585588478881878;-0.04139546465159556;-0.06401000332127532;-0.0317741169239703;-0.051914463239507484;244.63740229153166
0.9840000000000007;382.2952171004541;-26.93799990388989;587.1191848708274;-0.030014641353359153;0.5030558760340081;-0.019259977968177817;4.4185550683400743e-10;-1.919892615412708;1.8834505768465895;-8.726646259971648e-10;0.03640426726954705;1.3688856878386898e-09;-2.7042457103626445;-11.204807195343616;-6.78147746063126;-15.936662461480168;-0.057939825472429284;-0.09953645689888663;-0.03232273623663412;-0.05252327687626123;242.16953472652563
0.9960000000000007;382.5875513314252;-26.937999905837685;584.3415769987303;-0.030012613442766494;0.5029331084736031;-0.019255771112795927;4.4185550683400743e-10;-1.9199507332222763;1.8942936885573443;-8.726646259971648e-10;0.02549645049158236;1.3688856878386898e-09;8.002751243031602;-10.5152989222347;-6.723464769389128;-15.932811769631398;-0.07161394210141095;-0.149166909000937;-0.0338657946557289;-0.05479866359506805;232.74575807871085
1.0080000000000007;382.8222523556278;-26.937999907588136;581.8624582389168;-0.030009497804337343;0.5027444056277888;-0.01924930597267104;4.4185550683400743e-10;-1.9200200521517423;1.904031493519454;-8.726646259971648e-10;0.015639176602341206;1.3688856878386898e-09;7.560987603355076;-8.626812371464823;-5.640805278712298;-14.578146768682172;-0.07788099652239906;-0.1907350042054593;-0.03684976645355253;-0.06090874058794654;207.51697200028892
1.0200000000000007;382.9950129204615;-26.937999908984178;579.8905002075068;-0.030006551744531998;0.5025658779577039;-0.01924319067945343;4.4185550683400743e-10;-1.9200665248136453;1.9117862917586954;-8.726646259971648e-10;0.0077522429443117775;1.3688856878386898e-09;6.985618152619633;-6.672181742603238;-4.323485356822092;-12.902783607198504;-0.07073954770514171;-0.20204530950459182;-0.040883368060073616;-0.07145336094105803;164.95926732671035
1.0320000000000007;383.1104530084201;-26.937999909918293;578.5607021606229;-0.030005102560669187;0.5024780249388173;-0.019240181799813905;4.4185550683400743e-10;-1.920061096054735;1.9169646412139063;-8.726646259971648e-10;0.002480572147244513;1.3688856878386898e-09;-4.583635419912725;-5.796980885249941;-3.1051932003073106;-11.349952450103643;-0.054798529005263635;-0.17554461798928267;-0.04504426882694737;-0.08498117101718117;111.23327678395856
1.0440000000000007;383.1789305598812;-26.937999910396414;577.8525497131635;-0.030005788357031042;0.5025196021028641;-0.0192416057406106;4.4185550683400743e-10;-1.9200025775043343;1.9196194373880602;-8.726646259971648e-10;-0.00019114668972371014;1.3688856878386898e-09;-15.90497800885898;-6.896132409032302;-3.1051932003073106;-11.349952450103643;-0.03996213047008594;-0.1312929514476047;-0.04818410357590939;-0.09831382383876502;59.28796574870549
1.0560000000000007;383.2108977641255;-26.937999910539645;577.6028776021287;-0.030007832203982412;0.5026434830466344;-0.0192458488193266;4.4185550683400743e-10;-1.9199288350348007;1.920439605247929;-8.726646259971648e-10;-0.0009611202826884561;1.3688856878386898e-09;-15.860893304584536;-9.73857429973342;-3.1051932003073106;-11.349952450103643;-0.029316374767221938;-0.12554918038386845;-0.04982495371717924;-0.10848136594305945;20.975856503883847
1.0680000000000007;383.2207677193565;-26.937999910514492;577.5909841546732;-0.03001013540475341;0.502783030246677;-0.019250629179645967;4.4185550683400743e-10;-1.9198674220312917;1.9203417723567047;-8.726646259971648e-10;-0.0007850903374917647;1.3688856878386898e-09;-15.73974714699958;-2.6306597555684963;-3.1051932003073106;-11.349952450103643;-0.030673009410775737;-0.12658968759239903;-0.05015098565843328;-0.11527440607759289;1.2879519284724552
1.0800000000000007;383.2169491550578;-26.93799991045716;577.6357859545262;-0.030011701076819837;0.5028778593482128;-0.0192538780856016;4.4185550683400743e-10;-1.919851467428683;1.9200888574281298;-8.726646259971648e-10;-0.0004532581897971205;1.3688856878386898e-09;-4.52082849802455;-5.31801292414244;-3.1051932003073106;-11.349952450103643;-0.03167232861459886;-0.12297624693637198;-0.04987161901796296;-0.12222296402827071;3.7470198048936405
1.0920000000000007;383.210738566358;-26.93799991042077;577.6588480115579;-0.030012744524529397;0.5029410439672034;-0.019256043019486458;4.4185550683400743e-10;-1.9198574754629876;1.9199573992288699;-8.726646259971648e-10;-0.00025257887030723225;1.3688856878386898e-09;-4.174529822758086;-6.669697927358947;-3.1051932003073106;-11.349952450103643;-0.03147598926700915;-0.12356438457859313;-0.049697929371208614;-0.1289582010155124;3.7470198048936405
